nodeId	time	failures	numContainers	concurrency	cache	newratio	appId	sigma	U	minit	mtask	mcache	mheap	perf	perfsigma	feature1	feature2	feature3	mshuffle
0	30	0	1	2	0.2	1	430	0	2.35E-01	1.33E+08	7.14E+07	0.8	4617928704	0.03333333333	0	2.35E-01	4.16E+00	0	0
1	31	1	1	2	0.2	3	431	3.875	2.47E-01	1.33E+08	7.14E+07	0.8	4617928704	0.03225806452	0.003584229391	2.47E-01	4.15E+00	0	0
2	32	1	1	2	0.2	5	432	4	2.51E-01	1.33E+08	7.14E+07	0.8	4617928704	0.03125	0.003472222222	2.51E-01	4.15E+00	0	0
3	33	0	1	2	0.2	7	433	0	2.53E-01	1.33E+08	7.14E+07	0.8	4617928704	0.0303030303	0	2.53E-01	4.15E+00	0	0
4	26	0	1	2	0.4	1	434	0	4.10E-01	1.33E+08	7.14E+07	0.8	4617928704	0.03846153846	0	4.10E-01	2.08E+00	0	0
5	25	0	1	2	0.4	3	435	0	4.35E-01	1.33E+08	7.14E+07	0.8	4617928704	0.04	0	4.35E-01	2.08E+00	0	0
6	27	0	1	2	0.4	5	436	0	4.43E-01	1.33E+08	7.14E+07	0.8	4617928704	0.03703703704	0	4.43E-01	2.07E+00	0	0
7	29	0	1	2	0.4	7	437	0	4.47E-01	1.33E+08	7.14E+07	0.8	4617928704	0.03448275862	0	4.47E-01	2.07E+00	0	0
8	27	0	1	2	0.6	1	438	0	4.77E-01	1.33E+08	7.14E+07	0.8	4617928704	0.03703703704	0	5.85E-01	1.67E+00	0	0
9	21	0	1	2	0.6	3	439	0	6.22E-01	1.33E+08	7.14E+07	0.8	4617928704	0.04761904762	0	6.22E-01	1.38E+00	0	0
10	22	0	1	2	0.6	5	440	0	6.35E-01	1.33E+08	7.14E+07	0.8	4617928704	0.04545454545	0	6.35E-01	1.38E+00	0	0
11	22	0	1	2	0.6	7	441	0	6.41E-01	1.33E+08	7.14E+07	0.8	4617928704	0.04545454545	0	6.41E-01	1.38E+00	0	0
12	35	1	1	2	0.8	1	442	4.375	3.02E-01	1.33E+08	7.14E+07	0.8	4617928704	0.02857142857	0.003174603175	7.60E-01	1.67E+00	0	0
13	29	6	1	2	0.8	3	443	21.75	7.52E-01	1.33E+08	7.14E+07	0.8	4617928704	0.03448275862	0.01477832512	8.10E-01	1.11E+00	0	0
14	18	1	1	2	0.8	5	444	2.25	8.26E-01	1.33E+08	7.14E+07	0.8	4617928704	0.05555555556	0.006172839506	8.26E-01	1.04E+00	0	0
15	15	0	1	2	0.8	7	445	0	8.35E-01	1.33E+08	7.14E+07	0.8	4617928704	0.06666666667	0	8.35E-01	1.04E+00	0	0
16	25	0	1	4	0.2	1	446	0	2.66E-01	1.33E+08	7.14E+07	0.8	4617928704	0.04	0	2.66E-01	4.16E+00	0	0
17	26	0	1	4	0.2	3	447	0	2.78E-01	1.33E+08	7.14E+07	0.8	4617928704	0.03846153846	0	2.78E-01	4.15E+00	0	0
18	29	0	1	4	0.2	5	448	0	2.82E-01	1.33E+08	7.14E+07	0.8	4617928704	0.03448275862	0	2.82E-01	4.15E+00	0	0
19	29	0	1	4	0.2	7	449	0	2.84E-01	1.33E+08	7.14E+07	0.8	4617928704	0.03448275862	0	2.84E-01	4.15E+00	0	0
20	21	0	1	4	0.4	1	450	0	4.41E-01	1.33E+08	7.14E+07	0.8	4617928704	0.04761904762	0	4.41E-01	2.08E+00	0	0
21	22	0	1	4	0.4	3	451	0	4.66E-01	1.33E+08	7.14E+07	0.8	4617928704	0.04545454545	0	4.66E-01	2.08E+00	0	0
22	23	0	1	4	0.4	5	452	0	4.74E-01	1.33E+08	7.14E+07	0.8	4617928704	0.04347826087	0	4.74E-01	2.07E+00	0	0
23	25	0	1	4	0.4	7	453	0	4.78E-01	1.33E+08	7.14E+07	0.8	4617928704	0.04	0	4.78E-01	2.07E+00	0	0
24	25	0	1	4	0.6	1	454	0	5.08E-01	1.33E+08	7.14E+07	0.8	4617928704	0.04	0	6.16E-01	1.67E+00	0	0
25	18	0	1	4	0.6	3	455	0	6.53E-01	1.33E+08	7.14E+07	0.8	4617928704	0.05555555556	0	6.53E-01	1.38E+00	0	0
26	20	0	1	4	0.6	5	456	0	6.66E-01	1.33E+08	7.14E+07	0.8	4617928704	0.05	0	6.66E-01	1.38E+00	0	0
27	21	0	1	4	0.6	7	457	0	6.72E-01	1.33E+08	7.14E+07	0.8	4617928704	0.04761904762	0	6.72E-01	1.38E+00	0	0
28	26	1	1	4	0.8	1	458	3.25	3.33E-01	1.33E+08	7.14E+07	0.8	4617928704	0.03846153846	0.004273504274	7.91E-01	1.67E+00	0	0
29	19	4	1	4	0.8	3	459	9.5	7.83E-01	1.33E+08	7.14E+07	0.8	4617928704	0.05263157895	0.01754385965	8.41E-01	1.11E+00	0	0
30	14	1	1	4	0.8	5	460	1.75	8.57E-01	1.33E+08	7.14E+07	0.8	4617928704	0.07142857143	0.007936507937	8.57E-01	1.04E+00	0	0
31	14	0	1	4	0.8	7	461	0	8.66E-01	1.33E+08	7.14E+07	0.8	4617928704	0.07142857143	0	8.66E-01	1.04E+00	0	0
32	80	0	1	6	0.2	1	462	0	2.96E-01	1.33E+08	7.14E+07	0.8	4617928704	0.0125	0	2.96E-01	4.16E+00	0	0
33	30	1	1	6	0.2	3	463	3.75	3.09E-01	1.33E+08	7.14E+07	0.8	4617928704	0.03333333333	0.003703703704	3.09E-01	4.15E+00	0	0
34	80	0	1	6	0.2	5	464	0	3.13E-01	1.33E+08	7.14E+07	0.8	4617928704	0.0125	0	3.13E-01	4.15E+00	0	0
35	30	0	1	6	0.2	7	465	0	3.15E-01	1.33E+08	7.14E+07	0.8	4617928704	0.03333333333	0	3.15E-01	4.15E+00	0	0
36	22	0	1	6	0.4	1	466	0	4.71E-01	1.33E+08	7.14E+07	0.8	4617928704	0.04545454545	0	4.71E-01	2.08E+00	0	0
37	22	0	1	6	0.4	3	467	0	4.96E-01	1.33E+08	7.14E+07	0.8	4617928704	0.04545454545	0	4.96E-01	2.08E+00	0	0
38	24	0	1	6	0.4	5	468	0	5.05E-01	1.33E+08	7.14E+07	0.8	4617928704	0.04166666667	0	5.05E-01	2.07E+00	0	0
39	27	1	1	6	0.4	7	469	3.375	5.09E-01	1.33E+08	7.14E+07	0.8	4617928704	0.03703703704	0.004115226337	5.09E-01	2.07E+00	0	0
40	26	0	1	6	0.6	1	470	0	5.39E-01	1.33E+08	7.14E+07	0.8	4617928704	0.03846153846	0	6.46E-01	1.67E+00	0	0
41	18	0	1	6	0.6	3	471	0	6.84E-01	1.33E+08	7.14E+07	0.8	4617928704	0.05555555556	0	6.84E-01	1.38E+00	0	0
42	17	0	1	6	0.6	5	472	0	6.96E-01	1.33E+08	7.14E+07	0.8	4617928704	0.05882352941	0	6.96E-01	1.38E+00	0	0
43	19	0	1	6	0.6	7	473	0	7.03E-01	1.33E+08	7.14E+07	0.8	4617928704	0.05263157895	0	7.03E-01	1.38E+00	0	0
44	27	3	1	6	0.8	1	474	10.125	3.64E-01	1.33E+08	7.14E+07	0.8	4617928704	0.03703703704	0.0101010101	8.21E-01	1.67E+00	0	0
45	12	0	1	6	0.8	3	475	0	8.14E-01	1.33E+08	7.14E+07	0.8	4617928704	0.08333333333	0	8.71E-01	1.11E+00	0	0
46	8.8	0	1	6	0.8	5	476	0	8.88E-01	1.33E+08	7.14E+07	0.8	4617928704	0.1136363636	0	8.88E-01	1.04E+00	0	0
47	9	0	1	6	0.8	7	477	0	8.96E-01	1.33E+08	7.14E+07	0.8	4617928704	0.1111111111	0	8.96E-01	1.04E+00	0	0
48	80	0	1	8	0.2	1	478	0	3.27E-01	1.33E+08	7.14E+07	0.8	4617928704	0.0125	0	3.27E-01	4.16E+00	0	0
49	80	0	1	8	0.2	3	479	0	3.40E-01	1.33E+08	7.14E+07	0.8	4617928704	0.0125	0	3.40E-01	4.15E+00	0	0
50	39	0	1	8	0.2	5	480	0	3.44E-01	1.33E+08	7.14E+07	0.8	4617928704	0.02564102564	0	3.44E-01	4.15E+00	0	0
51	41	0	1	8	0.2	7	481	0	3.46E-01	1.33E+08	7.14E+07	0.8	4617928704	0.0243902439	0	3.46E-01	4.15E+00	0	0
52	24	0	1	8	0.4	1	482	0	5.02E-01	1.33E+08	7.14E+07	0.8	4617928704	0.04166666667	0	5.02E-01	2.08E+00	0	0
53	22	0	1	8	0.4	3	483	0	5.27E-01	1.33E+08	7.14E+07	0.8	4617928704	0.04545454545	0	5.27E-01	2.08E+00	0	0
54	25	0	1	8	0.4	5	484	0	5.36E-01	1.33E+08	7.14E+07	0.8	4617928704	0.04	0	5.36E-01	2.07E+00	0	0
55	25	2	1	8	0.4	7	485	6.25	5.40E-01	1.33E+08	7.14E+07	0.8	4617928704	0.04	0.008	5.40E-01	2.07E+00	0	0
56	25	0	1	8	0.6	1	486	0	5.70E-01	1.33E+08	7.14E+07	0.8	4617928704	0.04	0	6.77E-01	1.67E+00	0	0
57	21	0	1	8	0.6	3	487	0	7.15E-01	1.33E+08	7.14E+07	0.8	4617928704	0.04761904762	0	7.15E-01	1.38E+00	0	0
58	22	0	1	8	0.6	5	488	0	7.27E-01	1.33E+08	7.14E+07	0.8	4617928704	0.04545454545	0	7.27E-01	1.38E+00	0	0
59	18	0	1	8	0.6	7	489	0	7.34E-01	1.33E+08	7.14E+07	0.8	4617928704	0.05555555556	0	7.34E-01	1.38E+00	0	0
60	27	3	1	8	0.8	1	490	10.125	3.95E-01	1.33E+08	7.14E+07	0.8	4617928704	0.03703703704	0.0101010101	8.52E-01	1.67E+00	0	0
61	15	2	1	8	0.8	3	491	3.75	8.45E-01	1.33E+08	7.14E+07	0.8	4617928704	0.06666666667	0.01333333333	9.02E-01	1.11E+00	0	0
62	8.3	0	1	8	0.8	5	492	0	9.19E-01	1.33E+08	7.14E+07	0.8	4617928704	0.1204819277	0	9.19E-01	1.04E+00	0	0
63	11	0	1	8	0.8	7	493	0	9.27E-01	1.33E+08	7.14E+07	0.8	4617928704	0.09090909091	0	9.27E-01	1.04E+00	0	0
64	23	0	2	1	0.2	1	494	0	2.63E-01	1.33E+08	7.14E+07	0.8	2308964352	0.04347826087	0	2.63E-01	4.33E+00	0	0
65	34	0	2	1	0.2	3	495	0	2.76E-01	1.33E+08	7.14E+07	0.8	2308964352	0.02941176471	0	2.76E-01	4.31E+00	0	0
66	39	1	2	1	0.2	5	496	2.4375	2.80E-01	1.33E+08	7.14E+07	0.8	2308964352	0.02564102564	0.001508295626	2.80E-01	4.30E+00	0	0
67	41	0	2	1	0.2	7	497	0	2.82E-01	1.33E+08	7.14E+07	0.8	2308964352	0.0243902439	0	2.82E-01	4.30E+00	0	0
68	21	0	2	1	0.4	1	498	0	4.38E-01	1.33E+08	7.14E+07	0.8	2308964352	0.04761904762	0	4.38E-01	2.16E+00	0	0
69	19	1	2	1	0.4	3	499	1.1875	4.63E-01	1.33E+08	7.14E+07	0.8	2308964352	0.05263157895	0.003095975232	4.63E-01	2.15E+00	0	0
70	20	1	2	1	0.4	5	500	1.25	4.72E-01	1.33E+08	7.14E+07	0.8	2308964352	0.05	0.002941176471	4.72E-01	2.15E+00	0	0
71	20	0	2	1	0.4	7	501	0	4.76E-01	1.33E+08	7.14E+07	0.8	2308964352	0.05	0	4.76E-01	2.15E+00	0	0
72	17	0	2	1	0.6	1	502	0	4.48E-01	1.33E+08	7.14E+07	0.8	2308964352	0.05882352941	0	6.13E-01	1.73E+00	0	0
73	16	0	2	1	0.6	3	503	0	6.51E-01	1.33E+08	7.14E+07	0.8	2308964352	0.0625	0	6.51E-01	1.44E+00	0	0
74	17	0	2	1	0.6	5	504	0	6.63E-01	1.33E+08	7.14E+07	0.8	2308964352	0.05882352941	0	6.63E-01	1.43E+00	0	0
75	16	0	2	1	0.6	7	505	0	6.70E-01	1.33E+08	7.14E+07	0.8	2308964352	0.0625	0	6.70E-01	1.43E+00	0	0
76	20	0	2	1	0.8	1	506	0	2.73E-01	1.33E+08	7.14E+07	0.8	2308964352	0.05	0	7.88E-01	1.73E+00	0	0
77	14	2	2	1	0.8	3	507	1.75	7.23E-01	1.33E+08	7.14E+07	0.8	2308964352	0.07142857143	0.007936507937	8.38E-01	1.15E+00	0	0
78	16	2	2	1	0.8	5	508	2	8.55E-01	1.33E+08	7.14E+07	0.8	2308964352	0.0625	0.006944444444	8.55E-01	1.07E+00	0	0
79	17	4	2	1	0.8	7	509	4.25	8.63E-01	1.33E+08	7.14E+07	0.8	2308964352	0.05882352941	0.01176470588	8.63E-01	1.07E+00	0	0
80	80	0	2	2	0.2	1	510	0	2.94E-01	1.33E+08	7.14E+07	0.8	2308964352	0.0125	0	2.94E-01	4.33E+00	0	0
81	25	0	2	2	0.2	3	511	0	3.07E-01	1.33E+08	7.14E+07	0.8	2308964352	0.04	0	3.07E-01	4.31E+00	0	0
82	27	2	2	2	0.2	5	512	3.375	3.11E-01	1.33E+08	7.14E+07	0.8	2308964352	0.03703703704	0.004115226337	3.11E-01	4.30E+00	0	0
83	28	1	2	2	0.2	7	513	1.75	3.13E-01	1.33E+08	7.14E+07	0.8	2308964352	0.03571428571	0.002100840336	3.13E-01	4.30E+00	0	0
84	20	0	2	2	0.4	1	514	0	4.69E-01	1.33E+08	7.14E+07	0.8	2308964352	0.05	0	4.69E-01	2.16E+00	0	0
85	20	0	2	2	0.4	3	515	0	4.94E-01	1.33E+08	7.14E+07	0.8	2308964352	0.05	0	4.94E-01	2.15E+00	0	0
86	22	0	2	2	0.4	5	516	0	5.03E-01	1.33E+08	7.14E+07	0.8	2308964352	0.04545454545	0	5.03E-01	2.15E+00	0	0
87	23	0	2	2	0.4	7	517	0	5.07E-01	1.33E+08	7.14E+07	0.8	2308964352	0.04347826087	0	5.07E-01	2.15E+00	0	0
88	19	0	2	2	0.6	1	518	0	4.79E-01	1.33E+08	7.14E+07	0.8	2308964352	0.05263157895	0	6.44E-01	1.73E+00	0	0
89	15	0	2	2	0.6	3	519	0	6.82E-01	1.33E+08	7.14E+07	0.8	2308964352	0.06666666667	0	6.82E-01	1.44E+00	0	0
90	16	0	2	2	0.6	5	520	0	6.94E-01	1.33E+08	7.14E+07	0.8	2308964352	0.0625	0	6.94E-01	1.43E+00	0	0
91	20	0	2	2	0.6	7	521	0	7.01E-01	1.33E+08	7.14E+07	0.8	2308964352	0.05	0	7.01E-01	1.43E+00	0	0
92	24	1	2	2	0.8	1	522	1.5	3.04E-01	1.33E+08	7.14E+07	0.8	2308964352	0.04166666667	0.002450980392	8.19E-01	1.73E+00	0	0
93	11	1	2	2	0.8	3	523	0.6875	7.54E-01	1.33E+08	7.14E+07	0.8	2308964352	0.09090909091	0.005347593583	8.69E-01	1.15E+00	0	0
94	17	3	2	2	0.8	5	524	3.1875	8.86E-01	1.33E+08	7.14E+07	0.8	2308964352	0.05882352941	0.009287925697	8.86E-01	1.07E+00	0	0
95	12	3	2	2	0.8	7	525	2.25	8.94E-01	1.33E+08	7.14E+07	0.8	2308964352	0.08333333333	0.01315789474	8.94E-01	1.07E+00	0	0
96	80	0	2	3	0.2	1	526	0	3.25E-01	1.33E+08	7.14E+07	0.8	2308964352	0.0125	0	3.25E-01	4.33E+00	0	0
97	80	0	2	3	0.2	3	527	0	3.38E-01	1.33E+08	7.14E+07	0.8	2308964352	0.0125	0	3.38E-01	4.31E+00	0	0
98	80	0	2	3	0.2	5	528	0	3.42E-01	1.33E+08	7.14E+07	0.8	2308964352	0.0125	0	3.42E-01	4.30E+00	0	0
99	80	0	2	3	0.2	7	529	0	3.44E-01	1.33E+08	7.14E+07	0.8	2308964352	0.0125	0	3.44E-01	4.30E+00	0	0
100	19	0	2	3	0.4	1	530	0	5.00E-01	1.33E+08	7.14E+07	0.8	2308964352	0.05263157895	0	5.00E-01	2.16E+00	0	0
101	20	1	2	3	0.4	3	531	1.25	5.25E-01	1.33E+08	7.14E+07	0.8	2308964352	0.05	0.002941176471	5.25E-01	2.15E+00	0	0
102	23	0	2	3	0.4	5	532	0	5.34E-01	1.33E+08	7.14E+07	0.8	2308964352	0.04347826087	0	5.34E-01	2.15E+00	0	0
103	23	0	2	3	0.4	7	533	0	5.38E-01	1.33E+08	7.14E+07	0.8	2308964352	0.04347826087	0	5.38E-01	2.15E+00	0	0
104	22	0	2	3	0.6	1	534	0	5.10E-01	1.33E+08	7.14E+07	0.8	2308964352	0.04545454545	0	6.75E-01	1.73E+00	0	0
105	17	0	2	3	0.6	3	535	0	7.13E-01	1.33E+08	7.14E+07	0.8	2308964352	0.05882352941	0	7.13E-01	1.44E+00	0	0
106	20	0	2	3	0.6	5	536	0	7.25E-01	1.33E+08	7.14E+07	0.8	2308964352	0.05	0	7.25E-01	1.43E+00	0	0
107	19	1	2	3	0.6	7	537	1.1875	7.31E-01	1.33E+08	7.14E+07	0.8	2308964352	0.05263157895	0.003095975232	7.31E-01	1.43E+00	0	0
108	24	1	2	3	0.8	1	538	1.5	3.35E-01	1.33E+08	7.14E+07	0.8	2308964352	0.04166666667	0.002450980392	8.50E-01	1.73E+00	0	0
109	14	4	2	3	0.8	3	539	3.5	7.85E-01	1.33E+08	7.14E+07	0.8	2308964352	0.07142857143	0.01428571429	9.00E-01	1.15E+00	0	0
110	13	4	2	3	0.8	5	540	3.25	9.17E-01	1.33E+08	7.14E+07	0.8	2308964352	0.07692307692	0.01538461538	9.17E-01	1.07E+00	0	0
111	12	4	2	3	0.8	7	541	3	9.25E-01	1.33E+08	7.14E+07	0.8	2308964352	0.08333333333	0.01666666667	9.25E-01	1.07E+00	0	0
112	80	0	2	4	0.2	1	542	0	3.56E-01	1.33E+08	7.14E+07	0.8	2308964352	0.0125	0	3.56E-01	4.33E+00	0	0
113	80	0	2	4	0.2	3	543	0	3.69E-01	1.33E+08	7.14E+07	0.8	2308964352	0.0125	0	3.69E-01	4.31E+00	0	0
114	80	0	2	4	0.2	5	544	0	3.73E-01	1.33E+08	7.14E+07	0.8	2308964352	0.0125	0	3.73E-01	4.30E+00	0	0
115	80	0	2	4	0.2	7	545	0	3.75E-01	1.33E+08	7.14E+07	0.8	2308964352	0.0125	0	3.75E-01	4.30E+00	0	0
116	21	0	2	4	0.4	1	546	0	5.31E-01	1.33E+08	7.14E+07	0.8	2308964352	0.04761904762	0	5.31E-01	2.16E+00	0	0
117	21	0	2	4	0.4	3	547	0	5.56E-01	1.33E+08	7.14E+07	0.8	2308964352	0.04761904762	0	5.56E-01	2.15E+00	0	0
118	21	0	2	4	0.4	5	548	0	5.64E-01	1.33E+08	7.14E+07	0.8	2308964352	0.04761904762	0	5.64E-01	2.15E+00	0	0
119	22	0	2	4	0.4	7	549	0	5.69E-01	1.33E+08	7.14E+07	0.8	2308964352	0.04545454545	0	5.69E-01	2.15E+00	0	0
120	22	0	2	4	0.6	1	550	0	5.41E-01	1.33E+08	7.14E+07	0.8	2308964352	0.04545454545	0	7.06E-01	1.73E+00	0	0
121	16	0	2	4	0.6	3	551	0	7.44E-01	1.33E+08	7.14E+07	0.8	2308964352	0.0625	0	7.44E-01	1.44E+00	0	0
122	17	0	2	4	0.6	5	552	0	7.56E-01	1.33E+08	7.14E+07	0.8	2308964352	0.05882352941	0	7.56E-01	1.43E+00	0	0
123	17	0	2	4	0.6	7	553	0	7.62E-01	1.33E+08	7.14E+07	0.8	2308964352	0.05882352941	0	7.62E-01	1.43E+00	0	0
124	40	1	2	4	0.8	1	554	2.5	3.54E-01	1.33E+08	7.14E+07	0.8	2308964352	0.025	0.001470588235	8.81E-01	1.73E+00	0	0
125	12	1	2	4	0.8	3	555	0.75	8.16E-01	1.33E+08	7.14E+07	0.8	2308964352	0.08333333333	0.004901960784	9.31E-01	1.15E+00	0	0
126	14	3	2	4	0.8	5	556	2.625	9.48E-01	1.33E+08	7.14E+07	0.8	2308964352	0.07142857143	0.01127819549	9.48E-01	1.07E+00	0	0
127	11	0	2	4	0.8	7	557	0	9.56E-01	1.33E+08	7.14E+07	0.8	2308964352	0.09090909091	0	9.56E-01	1.07E+00	0	0
128	28	1	3	1	0.2	1	558	1.166666667	3.08E-01	1.33E+08	7.14E+07	0.8	1539309568	0.03571428571	0.001428571429	3.08E-01	4.49E+00	0	0
129	29	1	3	1	0.2	3	559	1.208333333	3.20E-01	1.33E+08	7.14E+07	0.8	1539309568	0.03448275862	0.001379310345	3.20E-01	4.46E+00	0	0
130	31	2	3	1	0.2	5	560	2.583333333	3.24E-01	1.33E+08	7.14E+07	0.8	1539309568	0.03225806452	0.002481389578	3.24E-01	4.45E+00	0	0
131	33	1	3	1	0.2	7	561	1.375	3.26E-01	1.33E+08	7.14E+07	0.8	1539309568	0.0303030303	0.001212121212	3.26E-01	4.44E+00	0	0
132	21	0	3	1	0.4	1	562	0	4.83E-01	1.33E+08	7.14E+07	0.8	1539309568	0.04761904762	0	4.83E-01	2.25E+00	0	0
133	16	1	3	1	0.4	3	563	0.6666666667	5.08E-01	1.33E+08	7.14E+07	0.8	1539309568	0.0625	0.0025	5.08E-01	2.23E+00	0	0
134	17	1	3	1	0.4	5	564	0.7083333333	5.16E-01	1.33E+08	7.14E+07	0.8	1539309568	0.05882352941	0.002352941176	5.16E-01	2.22E+00	0	0
135	18	0	3	1	0.4	7	565	0	5.20E-01	1.33E+08	7.14E+07	0.8	1539309568	0.05555555556	0	5.20E-01	2.22E+00	0	0
136	18	0	3	1	0.6	1	566	0	4.35E-01	1.33E+08	7.14E+07	0.8	1539309568	0.05555555556	0	6.58E-01	1.80E+00	0	0
137	16	0	3	1	0.6	3	567	0	6.95E-01	1.33E+08	7.14E+07	0.8	1539309568	0.0625	0	6.95E-01	1.49E+00	0	0
138	13	0	3	1	0.6	5	568	0	7.08E-01	1.33E+08	7.14E+07	0.8	1539309568	0.07692307692	0	7.08E-01	1.48E+00	0	0
139	15	0	3	1	0.6	7	569	0	7.14E-01	1.33E+08	7.14E+07	0.8	1539309568	0.06666666667	0	7.14E-01	1.48E+00	0	0
140	20	6	3	1	0.8	1	570	5	2.60E-01	1.33E+08	7.14E+07	0.8	1539309568	0.05	0.01	8.33E-01	1.80E+00	0	0
141	12	2	3	1	0.8	3	571	1	7.10E-01	1.33E+08	7.14E+07	0.8	1539309568	0.08333333333	0.00641025641	8.83E-01	1.19E+00	0	0
142	10	0	3	1	0.8	5	572	0	8.60E-01	1.33E+08	7.14E+07	0.8	1539309568	0.1	0	8.99E-01	1.11E+00	0	0
143	15	2	3	1	0.8	7	573	1.25	9.08E-01	1.33E+08	7.14E+07	0.8	1539309568	0.06666666667	0.005128205128	9.08E-01	1.11E+00	0	0
144	80	0	3	2	0.2	1	574	0	3.54E-01	1.33E+08	7.14E+07	0.8	1539309568	0.0125	0	3.54E-01	4.49E+00	0	0
145	80	0	3	2	0.2	3	575	0	3.66E-01	1.33E+08	7.14E+07	0.8	1539309568	0.0125	0	3.66E-01	4.46E+00	0	0
146	80	0	3	2	0.2	5	576	0	3.71E-01	1.33E+08	7.14E+07	0.8	1539309568	0.0125	0	3.71E-01	4.45E+00	0	0
147	80	0	3	2	0.2	7	577	0	3.73E-01	1.33E+08	7.14E+07	0.8	1539309568	0.0125	0	3.73E-01	4.44E+00	0	0
148	20	0	3	2	0.4	1	578	0	5.29E-01	1.33E+08	7.14E+07	0.8	1539309568	0.05	0	5.29E-01	2.25E+00	0	0
149	19	0	3	2	0.4	3	579	0	5.54E-01	1.33E+08	7.14E+07	0.8	1539309568	0.05263157895	0	5.54E-01	2.23E+00	0	0
150	40	1	3	2	0.4	5	580	1.666666667	5.62E-01	1.33E+08	7.14E+07	0.8	1539309568	0.025	0.001	5.62E-01	2.22E+00	0	0
151	25	1	3	2	0.4	7	581	1.041666667	5.66E-01	1.33E+08	7.14E+07	0.8	1539309568	0.04	0.0016	5.66E-01	2.22E+00	0	0
152	19	0	3	2	0.6	1	582	0	4.82E-01	1.33E+08	7.14E+07	0.8	1539309568	0.05263157895	0	7.04E-01	1.80E+00	0	0
153	16	0	3	2	0.6	3	583	0	7.41E-01	1.33E+08	7.14E+07	0.8	1539309568	0.0625	0	7.41E-01	1.49E+00	0	0
154	20	1	3	2	0.6	5	584	0.8333333333	7.54E-01	1.33E+08	7.14E+07	0.8	1539309568	0.05	0.002	7.54E-01	1.48E+00	0	0
155	18	2	3	2	0.6	7	585	1.5	7.60E-01	1.33E+08	7.14E+07	0.8	1539309568	0.05555555556	0.004273504274	7.60E-01	1.48E+00	0	0
156	30	0	3	2	0.8	1	586	0	2.99E-01	1.33E+08	7.14E+07	0.8	1539309568	0.03333333333	0	8.79E-01	1.80E+00	0	0
157	14	1	3	2	0.8	3	587	0.5833333333	7.57E-01	1.33E+08	7.14E+07	0.8	1539309568	0.07142857143	0.002857142857	9.29E-01	1.19E+00	0	0
158	11	0	3	2	0.8	5	588	0	9.07E-01	1.33E+08	7.14E+07	0.8	1539309568	0.09090909091	0	9.46E-01	1.11E+00	0	0
159	8.7	1	3	2	0.8	7	589	0.3625	9.54E-01	1.33E+08	7.14E+07	0.8	1539309568	0.1149425287	0.004597701149	9.54E-01	1.11E+00	0	0
160	80	0	4	1	0.2	1	817	0	3.52E-01	1.33E+08	7.14E+07	0.8	1154482176	0.0125	0	3.52E-01	4.66E+00	0	0
161	24	1	4	1	0.2	3	818	0.75	3.64E-01	1.33E+08	7.14E+07	0.8	1154482176	0.04166666667	0.001262626263	3.64E-01	4.61E+00	0	0
162	26	0	4	1	0.2	5	819	0	3.68E-01	1.33E+08	7.14E+07	0.8	1154482176	0.03846153846	0	3.68E-01	4.60E+00	0	0
163	26	0	4	1	0.2	7	820	0	3.70E-01	1.33E+08	7.14E+07	0.8	1154482176	0.03846153846	0	3.70E-01	4.59E+00	0	0
164	25	0	4	1	0.4	1	821	0	5.27E-01	1.33E+08	7.14E+07	0.8	1154482176	0.04	0	5.27E-01	2.33E+00	0	0
165	15	0	4	1	0.4	3	822	0	5.52E-01	1.33E+08	7.14E+07	0.8	1154482176	0.06666666667	0	5.52E-01	2.31E+00	0	0
166	16	1	4	1	0.4	5	823	0.5	5.60E-01	1.33E+08	7.14E+07	0.8	1154482176	0.0625	0.001893939394	5.60E-01	2.30E+00	0	0
167	17	0	4	1	0.4	7	824	0	5.64E-01	1.33E+08	7.14E+07	0.8	1154482176	0.05882352941	0	5.64E-01	2.30E+00	0	0
168	19	0	4	1	0.6	1	825	0	4.22E-01	1.33E+08	7.14E+07	0.8	1154482176	0.05263157895	0	7.02E-01	1.86E+00	0	0
169	14	0	4	1	0.6	3	826	0	7.39E-01	1.33E+08	7.14E+07	0.8	1154482176	0.07142857143	0	7.39E-01	1.54E+00	0	0
170	15	0	4	1	0.6	5	827	0	7.52E-01	1.33E+08	7.14E+07	0.8	1154482176	0.06666666667	0	7.52E-01	1.53E+00	0	0
171	16	0	4	1	0.6	7	828	0	7.58E-01	1.33E+08	7.14E+07	0.8	1154482176	0.0625	0	7.58E-01	1.53E+00	0	0
172	21	0	4	1	0.8	1	829	0	2.43E-01	1.33E+08	7.14E+07	0.8	1154482176	0.04761904762	0	8.77E-01	1.86E+00	0	0
173	12	1	4	1	0.8	3	830	0.375	6.97E-01	1.33E+08	7.14E+07	0.8	1154482176	0.08333333333	0.002525252525	9.27E-01	1.23E+00	0	0
174	13	0	4	1	0.8	5	831	0	8.47E-01	1.33E+08	7.14E+07	0.8	1154482176	0.07692307692	0	9.43E-01	1.15E+00	0	0
175	14	0	4	1	0.8	7	832	0	9.22E-01	1.33E+08	7.14E+07	0.8	1154482176	0.07142857143	0	9.52E-01	1.15E+00	0	0
176	80	0	4	2	0.2	1	833	0	4.14E-01	1.33E+08	7.14E+07	0.8	1154482176	0.0125	0	4.14E-01	4.66E+00	0	0
177	80	0	4	2	0.2	3	834	0	4.26E-01	1.33E+08	7.14E+07	0.8	1154482176	0.0125	0	4.26E-01	4.61E+00	0	0
178	80	0	4	2	0.2	5	835	0	4.30E-01	1.33E+08	7.14E+07	0.8	1154482176	0.0125	0	4.30E-01	4.60E+00	0	0
179	80	0	4	2	0.2	7	836	0	4.32E-01	1.33E+08	7.14E+07	0.8	1154482176	0.0125	0	4.32E-01	4.59E+00	0	0
180	13	2	4	2	0.4	1	837	0.8125	5.89E-01	1.33E+08	7.14E+07	0.8	1154482176	0.07692307692	0.004524886878	5.89E-01	2.33E+00	0	0
181	13	0	4	2	0.4	3	838	0	6.14E-01	1.33E+08	7.14E+07	0.8	1154482176	0.07692307692	0	6.14E-01	2.31E+00	0	0
182	18	0	4	2	0.4	5	839	0	6.22E-01	1.33E+08	7.14E+07	0.8	1154482176	0.05555555556	0	6.22E-01	2.30E+00	0	0
183	19	0	4	2	0.4	7	840	0	6.26E-01	1.33E+08	7.14E+07	0.8	1154482176	0.05263157895	0	6.26E-01	2.30E+00	0	0
184	13	0	4	2	0.6	1	841	0	4.84E-01	1.33E+08	7.14E+07	0.8	1154482176	0.07692307692	0	7.64E-01	1.86E+00	0	0
185	22	0	4	2	0.6	3	842	0	8.01E-01	1.33E+08	7.14E+07	0.8	1154482176	0.04545454545	0	8.01E-01	1.54E+00	0	0
186	24	0	4	2	0.6	5	843	0	8.14E-01	1.33E+08	7.14E+07	0.8	1154482176	0.04166666667	0	8.14E-01	1.53E+00	0	0
187	22	0	4	2	0.6	7	844	0	8.20E-01	1.33E+08	7.14E+07	0.8	1154482176	0.04545454545	0	8.20E-01	1.53E+00	0	0
188	28	0	4	2	0.8	1	845	0	1.82E-01	1.33E+08	7.14E+07	0.8	1154482176	0.03571428571	0	9.39E-01	1.86E+00	0	0
189	16	0	4	2	0.8	3	846	0	6.57E-01	1.33E+08	7.14E+07	0.8	1154482176	0.0625	0	9.89E-01	1.23E+00	0	0
190	16	0	4	2	0.8	5	847	0	8.15E-01	1.33E+08	7.14E+07	0.8	1154482176	0.0625	0	1.01E+00	1.15E+00	0	0
191	16	0	4	2	0.8	7	848	0	8.94E-01	1.33E+08	7.14E+07	0.8	1154482176	0.0625	0	1.01E+00	1.15E+00	0	0
